종목코드,종목명,거래량_매도,거래량_매수,거래량_순매수,거래대금_매도,거래대금_매수,거래대금_순매수
"005930","삼성전자","201688","303161","101473","30940803050","46770343650","15829540600"
"086520","에코프로","16081","107971","91890","2639358700","18334050600","15694691900"
"000660","SK하이닉스","32749","49442","16693","27999694000","42549113000","14549419000"
"005830","DB손해보험","762","45009","44247","107190100","6384980900","6277790800"
"138040","메리츠금융지주","6435","56103","49668","761425500","6700741950","5939316450"
"298380","에이비엘바이오","39181","68014","28833","7791757800","13576738350","5784980550"
"086280","현대글로비스","2455","22190","19735","600938000","5468075250","4867137250"
"353200","대덕전자","4976","78469","73493","308183400","4864905800","4556722400"
"277810","레인보우로보틱스","9612","15430","5818","6869584500","11352946000","4483361500"
"323410","카카오뱅크","3338","193469","190131","73810500","4331557275","4257746775"
"290650","엘앤씨바이오","7909","52894","44985","711751700","4777156200","4065404500"
"140410","메지온","2935","26226","23291","480564700","4285266800","3804702100"
"001040","CJ","6116","23274","17158","1292514500","5002691000","3710176500"
"456160","지투지바이오","8969","56389","47420","688516250","4308859600","3620343350"
"034020","두산에너빌리티","22933","64488","41555","2011533050","5616664200","3605131150"
"003230","삼양식품","3311","6098","2787","3693907500","6864938500","3171031000"
"064760","티씨케이","2899","17480","14581","621984000","3732266750","3110282750"
"015760","한국전력","15052","65425","50373","864635350","3780719300","2916083950"
"009150","삼성전기","12865","22773","9908","3725901500","6608048750","2882147250"
"012450","한화에어로스페이스","5405","7457","2052","6748633500","9624021000","2875387500"
"207940","삼성바이오로직스","517","2076","1559","887780000","3576736000","2688956000"
"007390","네이처셀","0","104304","104304","0","2605277450","2605277450"
"489790","한화비전","40359","84605","44246","2335139050","4909953500","2574814450"
"950160","코오롱티슈진","5750","30335","24585","597299950","3168629150","2571329200"
"457190","이수스페셜티케미컬","7222","30718","23496","768313250","3222536600","2454223350"
"078160","메디포스트","15540","105267","89727","397204800","2756105450","2358900650"
"272210","한화시스템","1349","24774","23425","127097400","2384668850","2257571450"
"034230","파라다이스","2138","118231","116093","37220140","2072724030","2035503890"
"042660","한화오션","21318","34099","12781","2887049950","4667473950","1780424000"
"098460","고영","9673","63632","53959","314435800","2089119650","1774683850"
"195940","HK이노엔","22552","53404","30852","1238713600","2950086700","1711373100"
"259960","크래프톤","757","6932","6175","188192000","1730520250","1542328250"
"000270","기아","4795","14723","9928","721538250","2256732850","1535194600"
"011070","LG이노텍","584","6722","6138","139717750","1619608500","1479890750"
"023530","롯데쇼핑","501","17733","17232","41800600","1500489750","1458689150"
"090430","아모레퍼시픽","3596","13505","9909","495355750","1864955700","1369599950"
"036620","감성코퍼레이션","83010","279297","196287","558966930","1894322500","1335355570"
"380550","뉴로핏","6429","46112","39683","214490425","1529166275","1314675850"
"034730","SK","2601","6757","4156","785750250","2090538750","1304788500"
"007660","이수페타시스","13777","24872","11095","1543313050","2827783500","1284470450"
"032350","롯데관광개발","12301","62211","49910","306183350","1570377300","1264193950"
"318060","그래피","4824","26895","22071","266167850","1527014250","1260846400"
"077360","덕산하이메탈","0","130346","130346","0","1183713690","1183713690"
"009470","삼화전기","7759","30789","23030","389163200","1555013550","1165850350"
"105560","KB금융","7852","15950","8098","1049855450","2168554300","1118698850"
"017800","현대엘리베이터","534","10745","10211","50307100","1011886150","961579050"
"004800","효성","560","7354","6794","77807050","1030055750","952248700"
"195870","해성디에스","2658","17025","14367","170159900","1085698050","915538150"
"139130","iM금융지주","2231","59948","57717","34297590","927570210","893272620"
"347700","스피어","32096","65742","33646","897789450","1779662750","881873300"
"100790","미래에셋벤처투자","16331","64290","47959","283640430","1131868230","848227800"
"019210","와이지-원","4368","109775","105407","35211260","882481450","847270190"
"131970","두산테스나","132","13314","13182","8297150","852368700","844071550"
"064400","LG씨엔에스","8148","20423","12275","546144450","1388168350","842023900"
"041920","메디아나","600","41814","41214","12550000","830412200","817862200"
"328130","루닛","1496","22217","20721","58345900","868463000","810117100"
"101160","월덱스","0","32037","32037","0","804170350","804170350"
"383220","F&F","1300","12344","11044","92532500","881179100","788646600"
"067160","SOOP","78","10902","10824","5613300","786121750","780508450"
"052400","코나아이","8974","22069","13095","514768000","1294865200","780097200"
"441270","파인엠텍","0","79186","79186","0","746963020","746963020"
"055550","신한지주","6223","14613","8390","513494800","1232000550","718505750"
"017670","SK텔레콤","6883","17030","10147","481622150","1192067650","710445500"
"098070","한텍","0","19492","19492","0","687801675","687801675"
"028670","팬오션","4274","144628","140354","20641010","698107536","677466526"
"174900","앱클론","0","10384","10384","0","652778050","652778050"
"397030","에이프릴바이오","9183","19684","10501","565007750","1209191300","644183550"
"356860","티엘비","187","9975","9788","11088300","596984700","585896400"
"104830","원익머트리얼즈","1003","16264","15261","38489600","622775575","584285975"
"030200","KT","2850","12895","10045","157641600","726452050","568810450"
"115180","큐리언트","1129","16612","15483","37753250","574998900","537245650"
"089860","롯데렌탈","119","16970","16851","3617600","512947100","509329500"
"226950","올릭스","23201","26700","3499","3058778450","3566022600","507244150"
"080580","오킨스전자","0","36876","36876","0","504438385","504438385"
"126340","비나텍","2370","7187","4817","237777800","726951050","489173250"
"214150","클래시스","16237","22629","6392","1190682800","1668794050","478111250"
"403870","HPSP","22679","32976","10297","988087425","1433421225","445333800"
"069960","현대백화점","9217","13778","4561","858611250","1297745300","439134050"
"099320","쎄트렉아이","13666","15607","1941","2621418700","3050015550","428596850"
"080220","제주반도체","2004","11888","9884","81250950","492276875","411025925"
"033780","KT&G","2700","5276","2576","418733700","818976900","400243200"
"389470","인벤티지랩","316","5717","5401","23237100","420718000","397480900"
"212710","아이에스티이","0","37874","37874","0","379067250","379067250"
"395400","SK리츠","935","64433","63498","5179900","357440775","352260875"
"161580","필옵틱스","720","6581","5861","40156200","359906100","319749900"
"376270","HEM파마","197","3337","3140","17656400","303464800","285808400"
"020000","한섬","188","15598","15410","3465670","288968970","285503300"
"077970","STX엔진","1224","9685","8461","41524150","323635800","282111650"
"111770","영원무역","751","3786","3035","63497700","323530900","260033200"
"035510","신세계 I&C","428","14691","14263","7639530","263478730","255839200"
"085660","차바이오텍","41000","52537","11537","877791200","1122006350","244215150"
"464080","에스오에스랩","0","10675","10675","0","242188600","242188600"
"216050","인크로스","0","35722","35722","0","241434020","241434020"
"021240","코웨이","892","3787","2895","73847700","313045200","239197500"
"161890","한국콜마","751","4246","3495","50381500","288915700","238534200"
"137400","피엔티","4851","8980","4129","250276300","483996750","233720450"
"452260","한화갤러리아","74131","189839","115708","142486492","370076449","227589957"
"122640","예스티","720","11017","10297","16205800","243341000","227135200"
"000815","삼성화재우","0","600","600","0","219900000","219900000"
"452980","신한제11호스팩","0","100000","100000","0","209988837","209988837"
"012750","에스원","297","2883","2586","23937300","233559000","209621700"
"064290","인텍플러스","0","12105","12105","0","203385870","203385870"
"448710","코츠테크놀로지","0","10000","10000","0","187671000","187671000"
"004370","농심","136","597","461","54852000","241790500","186938500"
"248070","솔루엠","160","12406","12246","2481600","189225550","186743950"
"036570","엔씨소프트","3888","4724","836","864294750","1050056250","185761500"
"014830","유니드","131","2436","2305","10477300","195045500","184568200"
"030000","제일기획","853","9277","8424","17978500","200451100","182472600"
"083500","에프엔에스테크","0","11000","11000","0","182111090","182111090"
"330590","롯데리츠","937","41006","40069","4005675","177827676","173822001"
"417310","코람코더원리츠","132","19716","19584","1153680","172541690","171388010"
"211050","인카금융서비스","4096","15615","11519","60305345","231032530","170727185"
"365550","ESR켄달스퀘어리츠","801","38457","37656","3500370","168874599","165374229"
"354320","알멕","1197","3532","2335","77803950","233918400","156114450"
"005440","현대지에프홀딩스","2940","19110","16170","27695560","182736610","155041050"
"082270","젬백스","557","4516","3959","21554200","175670100","154115900"
"100090","SK오션플랜트","195","8693","8498","3367650","157049710","153682060"
"451800","한화리츠","435","33151","32716","1994475","152151036","150156561"
"009300","삼아제약","0","9374","9374","0","147594850","147594850"
"064960","SNT모티브","85","4137","4052","2932500","146065750","143133250"
"200880","서연이화","88","9418","9330","1312960","142111280","140798320"
"018670","SK가스","46","670","624","10267500","150504000","140236500"
"032190","다우데이타","0","5426","5426","0","139113350","139113350"
"483650","달바글로벌","750","1595","845","119081700","256639300","137557600"
"030190","NICE평가정보","405","8249","7844","6717660","142173640","135455980"
"017960","한국카본","1146","5022","3876","37256575","170563500","133306925"
"095610","테스","2482","4403","1921","169211650","300410200","131198550"
"368770","파이버프로","9542","16842","7300","185581895","314753865","129171970"
"030520","한글과컴퓨터","269","5289","5020","6744800","135864600","129119800"
"023910","대한약품","0","4401","4401","0","126831850","126831850"
"036560","KZ정밀","0","9129","9129","0","123502830","123502830"
"119850","지엔씨에너지","73","3528","3455","2511900","121774600","119262700"
"287840","인투셀","284","2745","2461","14152850","130100750","115947900"
"0105P0","유진스팩12호","0","56642","56642","0","113036772","113036772"
"293940","신한알파리츠","396","20000","19604","2261160","115127790","112866630"
"058860","KTis","0","39753","39753","0","110342355","110342355"
"475960","토모큐브","3000","5265","2265","142310450","250777375","108466925"
"416180","신성에스티","0","2541","2541","0","100003050","100003050"
"039830","오로라","0","6991","6991","0","98616550","98616550"
"432470","케이엔에스","0","6308","6308","0","96896310","96896310"
"059210","메타바이오메드","0","20257","20257","0","96245785","96245785"
"372320","큐로셀","0","2000","2000","0","95691500","95691500"
"002290","삼일기업공사","0","25345","25345","0","95205160","95205160"
"084110","휴온스글로벌","0","1784","1784","0","94391500","94391500"
"042420","네오위즈홀딩스","0","3250","3250","0","90773300","90773300"
"461300","아이스크림미디어","0","5249","5249","0","88645950","88645950"
"000070","삼양홀딩스","27","1502","1475","1609200","88769700","87160500"
"199430","케이엔알시스템","0","2662","2662","0","86115700","86115700"
"125490","한라캐스트","11320","15639","4319","262945225","347625700","84680475"
"114090","GKL","880","7452","6572","11269700","95813510","84543810"
"069260","TKG휴켐스","549","4691","4142","10728050","93818260","83090210"
"100840","SNT에너지","1313","3166","1853","55599400","137068875","81469475"
"280360","롯데웰푸드","90","750","660","10797200","90150200","79353000"
"097950","CJ제일제당","137","500","363","28800500","105157000","76356500"
"088910","동우팜투테이블","0","36705","36705","0","75369275","75369275"
"009680","모토닉","96","7261","7165","1004160","75037890","74033730"
"204620","글로벌텍스프리","1630","17276","15646","7814455","81348395","73533940"
"051600","한전KPS","1133","2419","1286","61852050","134982200","73130150"
"107640","한중엔시에스","453","2021","1568","21439875","94261450","72821575"
"475150","SK이터닉스","601","4360","3759","11368210","83430830","72062620"
"403850","더핑크퐁컴퍼니","3081","6209","3128","70240675","141590700","71350025"
"002320","한진","49","3525","3476","972160","70323890","69351730"
"237690","에스티팜","3989","4379","390","619555200","686636050","67080850"
"060370","LS마린솔루션","3508","5470","1962","104964550","171018400","66053850"
"304100","솔트룩스","0","2238","2238","0","65215700","65215700"
"093050","LF","97","3510","3413","1843000","66814240","64971240"
"170920","엘티씨","0","2487","2487","0","64645400","64645400"
"082800","비보존 제약","0","13538","13538","0","64603150","64603150"
"459550","알트","0","15597","15597","0","64602070","64602070"
"145020","휴젤","812","1049","237","219656500","284157500","64501000"
"0093G0","미래에셋비전스팩8호","1943","34000","32057","3860754","67715532","63854778"
"017390","서울가스","16","1000","984","1028800","64572100","63543300"
"060720","KH바텍","1309","4669","3360","24345100","86713485","62368385"
"025000","KPX케미칼","15","1320","1305","715500","63053900","62338400"
"0096B0","삼성스팩12호","0","30000","30000","0","60822050","60822050"
"445680","큐리옥스바이오시스템즈","69","547","478","8356700","67786500","59429800"
"053260","금강철강","0","14950","14950","0","57716495","57716495"
"005070","코스모신소재","359","1479","1120","18157900","75746000","57588100"
"357120","코람코라이프인프라리츠","318","12953","12635","1434180","58630033","57195853"
"950140","잉글우드랩","0","4538","4538","0","57006980","57006980"
"042000","카페24","247","1805","1558","9064700","65881800","56817100"
"493330","지에프아이","3153","6000","2847","61693930","118210955","56517025"
"272110","케이엔제이","922","3012","2090","23910400","79574650","55664250"
"226330","신테카바이오","0","15000","15000","0","54468805","54468805"
"181710","NHN","110","1770","1660","3410000","57329650","53919650"
"136150","원일티엔아이","0","2882","2882","0","53108220","53108220"
"007700","F&F홀딩스","131","2698","2567","2613450","54740110","52126660"
"393890","더블유씨피","0","5757","5757","0","51103100","51103100"
"377190","디앤디플랫폼리츠","300","15684","15384","984000","51874815","50890815"
"008770","호텔신라","1397","2449","1052","64576200","115119000","50542800"
"078340","컴투스","0","1392","1392","0","49653900","49653900"
"000210","DL","199","1392","1193","8030550","57681600","49651050"
"0072Z0","KB제33호스팩","13311","38000","24689","26528823","75895102","49366279"
"314130","지놈앤컴퍼니","0","5955","5955","0","47759590","47759590"
"001060","JW중외제약","389","1950","1561","11884850","59618725","47733875"
"338840","와이바이오로직스","0","2000","2000","0","46928300","46928300"
"010100","한국무브넥스","0","8203","8203","0","46511010","46511010"
"133750","메가엠디","0","24883","24883","0","46045876","46045876"
"010820","퍼스텍","1196","10220","9024","5598770","48969080","43370310"
"002020","코오롱","93","786","693","5798700","48935600","43136900"
"333430","일승","0","7413","7413","0","43069530","43069530"
"432320","KB스타리츠","332","12667","12335","1130460","43599246","42468786"
"075580","세진중공업","184","2374","2190","3400320","44946210","41545890"
"308430","셀비온","439","2000","1561","10972650","49400000","38427350"
"004690","삼천리","13","290","277","1800500","40157500","38357000"
"254490","미래반도체","0","2090","2090","0","37932800","37932800"
"035900","JYP Ent.","0","534","534","0","37665200","37665200"
"081660","미스토홀딩스","459","1271","812","21116550","58634850","37518300"
"950210","프레스티지바이오파마","0","3230","3230","0","36355980","36355980"
"014910","성문전자","0","18798","18798","0","36336534","36336534"
"068760","셀트리온제약","450","961","511","31171400","67219400","36048000"
"069080","웹젠","0","2142","2142","0","32872440","32872440"
"001460","BYC","19","800","781","792300","33465900","32673600"
"054920","한컴위드","0","5677","5677","0","32302130","32302130"
"100120","뷰웍스","0","1353","1353","0","32296700","32296700"
"168360","펨트론","0","1832","1832","0","32287110","32287110"
"107600","새빗켐","0","927","927","0","32256450","32256450"
"475230","엔알비","0","1660","1660","0","31245765","31245765"
"0054V0","엔에이치스팩32호","15000","30000","15000","30420880","61166465","30745585"
"002200","한국수출포장","0","9708","9708","0","30724660","30724660"
"179900","유티아이","280","1534","1254","6538000","37158800","30620800"
"338100","NH프라임리츠","0","6947","6947","0","30513520","30513520"
"084010","대한제강","120","3030","2910","1258800","31368100","30109300"
"074600","원익QnC","517","1560","1043","14265700","44025250","29759550"
"0044K0","삼성스팩10호","5597","20000","14403","11249970","40300000","29050030"
"194370","제이에스코퍼레이션","94","2299","2205","1145860","28953520","27807660"
"400760","NH올원리츠","189","8486","8297","619920","27861016","27241096"
"0030R0","대신밸류리츠","0","6000","6000","0","26996503","26996503"
"035150","백산","133","2236","2103","1692760","28553020","26860260"
"094170","동운아나텍","0","852","852","0","26734150","26734150"
"448730","삼성FN리츠","221","5553","5332","1078480","27252740","26174260"
"445180","퓨릿","0","2723","2723","0","25763480","25763480"
"489460","바이오비쥬","0","2000","2000","0","25010890","25010890"
"089600","KT나스미디어","0","2028","2028","0","24867320","24867320"
"484870","엠앤씨솔루션","82","269","187","11060000","35831900","24771900"
"267980","매일유업","0","664","664","0","23462900","23462900"
"163560","동일고무벨트","0","3303","3303","0","23232410","23232410"
"377300","카카오페이","6109","6407","298","393573600","416622800","23049200"
"484590","삼양컴텍","2372","4116","1744","30173610","53046955","22873345"
"261520","이지스","450","2681","2231","4494390","27159590","22665200"
"040420","정상제이엘에스","0","3928","3928","0","22583300","22583300"
"143540","영우디에스피","0","20000","20000","0","21548161","21548161"
"404990","신한서부티엔디리츠","183","5829","5646","691740","21901640","21209900"
"263020","디케이앤디","0","6987","6987","0","20957195","20957195"
"060250","NHN KCP","1806","2717","911","41990350","62383300","20392950"
"0037T0","KB제32호스팩","0","10000","10000","0","20237300","20237300"
"0071M0","삼성스팩11호","0","10000","10000","0","20233805","20233805"
"058630","엠게임","0","3572","3572","0","20201430","20201430"
"0041J0","엘에스스팩1호","0","10000","10000","0","20147250","20147250"
"455910","에스케이증권제9호스팩","0","9476","9476","0","20041740","20041740"
"101670","하이드로리튬","13014","21779","8765","33771330","53093740","19322410"
"298040","효성중공업","5006","4939","-67","11837052500","11856348000","19295500"
"037330","인지디스플레","0","13335","13335","0","18980653","18980653"
"350520","이지스레지던스리츠","3137","8000","4863","11878485","30492780","18614295"
"051360","토비스","461","1646","1185","7054600","25284190","18229590"
"005880","대한해운","1052","10000","8948","2081908","19878800","17796892"
"210540","디와이파워","11","1300","1289","142670","17021845","16879175"
"046890","서울반도체","0","2342","2342","0","16662270","16662270"
"004990","롯데지주","1030","1554","524","30904050","47557700","16653650"
"382840","원준","0","1655","1655","0","16152800","16152800"
"033640","네패스","0","920","920","0","16146000","16146000"
"063080","컴투스홀딩스","0","758","758","0","16145400","16145400"
"464440","한국제13호스팩","42486","50000","7514","89220600","104965100","15744500"
"0068Y0","비엔케이제3호스팩","22243","30000","7757","44443659","60068447","15624788"
"051500","CJ프레시웨이","2479","3010","531","70397750","85896550","15498800"
"114840","아이패밀리에스씨","318","1274","956","4991780","20416730","15424950"
"476060","온코닉테라퓨틱스","967","1795","828","17716555","32839010","15122455"
"457630","대신밸런스제16호스팩","0","7210","7210","0","15104950","15104950"
"069510","에스텍","0","995","995","0","14778010","14778010"
"049430","코메론","0","987","987","0","14646030","14646030"
"043260","성호전자","9675","10458","783","161578185","175593480","14015295"
"281820","케이씨텍","257","539","282","11705550","25520500","13814950"
"240550","동방메디컬","0","1751","1751","0","12878070","12878070"
"009770","삼정펄프","0","400","400","0","12780000","12780000"
"123410","코리아에프티","0","1616","1616","0","12504100","12504100"
"213420","덕산네오룩스","214","535","321","8095450","20234800","12139350"
"011500","한농화성","835","1332","497","20226200","32301000","12074800"
"004650","창해에탄올","0","1241","1241","0","12046940","12046940"
"003240","태광산업","8","20","12","7057000","17743000","10686000"
"487830","신한제15호스팩","0","5000","5000","0","10300000","10300000"
"187790","나노","0","2714","2714","0","9838250","9838250"
"215200","메가스터디교육","135","361","226","5914500","15676025","9761525"
"007070","GS리테일","1603","2018","415","35552950","45236250","9683300"
"008490","서흥","177","637","460","3666200","13184500","9518300"
"027710","팜스토리","0","8360","8360","0","9504013","9504013"
"009320","아진전자부품","0","8863","8863","0","9492273","9492273"
"234100","폴라리스세원","0","7671","7671","0","9487425","9487425"
"310200","애니플러스","0","3124","3124","0","9481340","9481340"
"096630","에스코넥","0","13504","13504","0","9479808","9479808"
"033250","체시스","0","9190","9190","0","9477274","9477274"
"155660","DSR","0","2468","2468","0","9477120","9477120"
"042510","라온시큐어","0","1015","1015","0","9469950","9469950"
"059100","아이컴포넌트","0","1936","1936","0","9467040","9467040"
"160550","NEW","0","4134","4134","0","9466860","9466860"
"004150","한솔홀딩스","0","2977","2977","0","9466860","9466860"
"010770","평화홀딩스","0","2511","2511","0","9466470","9466470"
"043610","KT지니뮤직","0","4933","4933","0","9466427","9466427"
"025880","케이씨피드","0","3532","3532","0","9465760","9465760"
"115480","씨유메디칼","0","15268","15268","0","9450892","9450892"
"297090","씨에스베어링","0","1621","1621","0","9450430","9450430"
"002460","HS화성","0","780","780","0","9445800","9445800"
"339950","아이비김영","0","4455","4455","0","9444600","9444600"
"104460","디와이피엔에프","0","652","652","0","9440960","9440960"
"057680","티사이언티픽","0","11922","11922","0","9437941","9437941"
"056700","신화인터텍","0","5277","5277","0","9424713","9424713"
"007540","샘표","0","191","191","0","9406500","9406500"
"096760","JW홀딩스","240","2396","2156","931200","9452220","8521020"
"036890","진성티이씨","342","909","567","4900130","13142340","8242210"
"036800","나이스정보통신","73","397","324","1721600","9428750","7707150"
"043370","피에이치에이","3118","3717","599","36246590","43426460","7179870"
"017480","삼현철강","0","1410","1410","0","6075850","6075850"
"006280","녹십자","74","109","35","11636000","17356100","5720100"
"063570","NICE인프라","0","1349","1349","0","5533125","5533125"
"092870","엑시콘","0","217","217","0","5226500","5226500"
"041510","에스엠","6481","6607","126","706435700","710747600","4311900"
"011200","HMM","9604","9810","206","188581395","192524910","3943515"
"066590","우수AMS","0","1161","1161","0","3633930","3633930"
"121600","나노신소재","0","47","47","0","3284200","3284200"
"013580","계룡건설","2","153","151","43300","3310300","3267000"
"003925","남양유업우","0","100","100","0","3225350","3225350"
"222040","코스맥스엔비티","0","963","963","0","3160300","3160300"
"323280","태성","0","40","40","0","3028000","3028000"
"136490","선진","726","959","233","7932270","10705540","2773270"
"094360","칩스앤미디어","0","138","138","0","2518260","2518260"
"00104K","CJ4우(전환)","0","13","13","0","2232100","2232100"
"484130","하나34호스팩","0","1018","1018","0","2097080","2097080"
"486630","KB제30호스팩","0","980","980","0","2013900","2013900"
"498390","한화플러스제5호스팩","0","998","998","0","2010970","2010970"
"002350","넥센타이어","954","1161","207","7543025","9449640","1906615"
"036540","SFA반도체","27639","26599","-1040","196414090","198303360","1889270"
"282330","BGF리테일","185","199","14","22218300","24047900","1829600"
"090360","로보스타","0","21","21","0","1749800","1749800"
"388610","지에프씨생명과학","0","143","143","0","1744600","1744600"
"035810","이지홀딩스","1564","1807","243","7974970","9414470","1439500"
"232140","와이씨","0","74","74","0","1361980","1361980"
"061090","세나테크놀로지","0","30","30","0","1348900","1348900"
"023410","유진기업","0","315","315","0","1247400","1247400"
"004960","한신공영","0","122","122","0","1244780","1244780"
"019010","베뉴지","0","323","323","0","1244760","1244760"
"072990","에이치시티","0","205","205","0","1242670","1242670"
"216080","제테마","0","120","120","0","1239420","1239420"
"091120","이엠텍","0","152","152","0","1236650","1236650"
"138610","나이벡","0","35","35","0","1211400","1211400"
"025320","시노펙스","0","150","150","0","1164000","1164000"
"389500","에스비비테크","0","14","14","0","1027900","1027900"
"059090","미코","0","48","48","0","870240","870240"
"053030","바이넥스","0","54","54","0","854580","854580"
"056190","에스에프에이","0","24","24","0","782400","782400"
"009520","포스코엠텍","0","39","39","0","778440","778440"
"053800","안랩","0","12","12","0","758400","758400"
"473000","에스케이증권제12호스팩","0","340","340","0","695300","695300"
"474490","유안타제16호스팩","0","308","308","0","625240","625240"
"187870","디바이스","0","38","38","0","601800","601800"
"241790","티이엠씨씨엔에스","0","75","75","0","576620","576620"
"108860","셀바스AI","0","43","43","0","550400","550400"
"225570","넥슨게임즈","0","43","43","0","548250","548250"
"088130","동아엘텍","0","88","88","0","535040","535040"
"058970","엠로","0","13","13","0","520650","520650"
"010960","삼호개발","0","118","118","0","438121","438121"
"007860","서연","76","115","39","802560","1235830","433270"
"215000","골프존","0","7","7","0","414400","414400"
"039240","경남스틸","0","152","152","0","402165","402165"
"120030","조선선재","0","4","4","0","401600","401600"
"025530","SJM홀딩스","0","111","111","0","400915","400915"
"200130","콜마비앤에이치","0","26","26","0","373100","373100"
"334890","이지스밸류플러스리츠","263","342","79","1086190","1429829","343639"
"101730","위메이드맥스","0","39","39","0","274170","274170"
"023000","삼원강재","0","100","100","0","234370","234370"
"021080","에이티넘인베스트","0","63","63","0","197820","197820"
"083310","엘오티베큠","0","14","14","0","193160","193160"
"039130","하나투어","216","216","0","9766500","9848250","81750"
"034590","인천도시가스","1","0","-1","25750","0","-25750"
"001200","유진투자증권","322","295","-27","1278340","1243990","-34350"
"107590","미원홀딩스","1","0","-1","68400","0","-68400"
"134380","미원화학","1","0","-1","95500","0","-95500"
"025820","이구산업","20","0","-20","108000","0","-108000"
"054040","한국컴퓨터","24","0","-24","114510","0","-114510"
"011280","태림포장","58","0","-58","115246","0","-115246"
"004970","신라교역","15","0","-15","136050","0","-136050"
"094280","효성ITX","11","0","-11","136950","0","-136950"
"008040","사조동아원","130","0","-130","137670","0","-137670"
"000700","유수홀딩스","24","0","-24","138480","0","-138480"
"014280","금강공업","23","0","-23","142140","0","-142140"
"317400","자이에스앤디","34","0","-34","142800","0","-142800"
"016450","한세예스24홀딩스","37","0","-37","148740","0","-148740"
"003460","유화증권","55","0","-55","157850","0","-157850"
"015230","대창단조","24","0","-24","158640","0","-158640"
"081150","티플랙스","53","0","-53","160985","0","-160985"
"003720","삼영","28","0","-28","161000","0","-161000"
"072870","메가스터디","15","0","-15","164110","0","-164110"
"002170","삼양통상","3","0","-3","170100","0","-170100"
"012610","경인양행","38","0","-38","178600","0","-178600"
"001520","동양","212","0","-212","183168","0","-183168"
"101360","에코앤드림","743","770","27","16940450","16750200","-190250"
"0126Z0","삼성에피스홀딩스","835","831","-4","495246000","495012500","-233500"
"096870","엘디티","99","0","-99","234135","0","-234135"
"068290","삼성출판사","24","0","-24","248160","0","-248160"
"000860","강남제비스코","15","0","-15","252750","0","-252750"
"136540","윈스테크넷","24","0","-24","260610","0","-260610"
"003580","HLB글로벌","121","0","-121","261360","0","-261360"
"013990","아가방컴퍼니","58","0","-58","263740","0","-263740"
"007210","벽산","162","0","-162","268434","0","-268434"
"011330","유니켐","238","0","-238","278460","0","-278460"
"007110","일신석재","187","0","-187","290598","0","-290598"
"128820","대성산업","35","0","-35","292250","0","-292250"
"067280","멀티캠퍼스","10","0","-10","296100","0","-296100"
"013120","동원개발","107","0","-107","313260","0","-313260"
"095720","웅진씽크빅","278","0","-278","320534","0","-320534"
"277880","티에스아이","53","0","-53","321850","0","-321850"
"036420","콘텐트리중앙","47","0","-47","326180","0","-326180"
"004250","NPC","88","0","-88","327800","0","-327800"
"083420","그린케미칼","58","0","-58","342780","0","-342780"
"027970","한국제지","460","0","-460","352820","0","-352820"
"019680","대교","212","0","-212","364640","0","-364640"
"002390","한독","33","0","-33","367290","0","-367290"
"015360","INVENI","20","15","-5","1542000","1165400","-376600"
"005710","대원산업","30","0","-30","383880","0","-383880"
"011000","진원생명과학","193","0","-193","394685","0","-394685"
"009270","신원","315","0","-315","432180","0","-432180"
"049630","재영솔루텍","2297","2297","0","11370200","10933720","-436480"
"293480","하나제약","43","0","-43","436880","0","-436880"
"016580","환인제약","45","0","-45","467100","0","-467100"
"008970","KBI동양철관","263","0","-263","468140","0","-468140"
"000970","한국주철관","74","0","-74","492100","0","-492100"
"131400","이브이첨단소재","6589","6589","0","13205440","12710181","-495259"
"009580","무림P&P","211","0","-211","496905","0","-496905"
"102460","이연제약","45","0","-45","498150","0","-498150"
"298690","에어부산","281","0","-281","502990","0","-502990"
"460850","동국씨엠","99","0","-99","508860","0","-508860"
"007460","에이프로젠","751","0","-751","516688","0","-516688"
"018470","조일알미늄","404","0","-404","520756","0","-520756"
"003610","방림","97","0","-97","523800","0","-523800"
"008350","남선알미늄","411","0","-411","527313","0","-527313"
"487570","HS효성","9","0","-9","535500","0","-535500"
"462520","조선내화","39","0","-39","537030","0","-537030"
"005680","삼영전자","49","0","-49","548800","0","-548800"
"000020","동화약품","93","0","-93","551490","0","-551490"
"090350","노루페인트","68","0","-68","552160","0","-552160"
"071840","롯데하이마트","78","0","-78","562380","0","-562380"
"000520","삼일제약","53","0","-53","564450","0","-564450"
"002100","경농","63","0","-63","565740","0","-565740"
"004710","한솔테크닉스","100","0","-100","577000","0","-577000"
"037560","LG헬로비전","254","0","-254","577850","0","-577850"
"006060","화승인더","183","0","-183","586515","0","-586515"
"001250","GS글로벌","266","0","-266","598500","0","-598500"
"081000","일진다이아","47","0","-47","602070","0","-602070"
"004090","한국석유","42","0","-42","604800","0","-604800"
"003650","미창석유","5","0","-5","608500","0","-608500"
"000390","삼화페인트","91","0","-91","615160","0","-615160"
"272550","삼양패키징","51","0","-51","621180","0","-621180"
"006340","대원전선","181","0","-181","634405","0","-634405"
"234080","JW생명과학","51","0","-51","635460","0","-635460"
"100250","진양홀딩스","217","0","-217","635810","0","-635810"
"001340","PKC","109","0","-109","640920","0","-640920"
"083930","아바코","42","0","-42","643710","0","-643710"
"101530","해태제과식품","97","0","-97","647960","0","-647960"
"053690","한미글로벌","36","0","-36","655200","0","-655200"
"213500","한솔제지","81","0","-81","665820","0","-665820"
"002150","도화엔지니어링","111","0","-111","672660","0","-672660"
"001780","알루코","306","0","-306","679320","0","-679320"
"102260","동성케미컬","161","0","-161","685055","0","-685055"
"038390","레드캡투어","55","0","-55","691350","0","-691350"
"039570","HDC랩스","86","0","-86","695740","0","-695740"
"084680","이월드","457","0","-457","701952","0","-701952"
"044450","KSS해운","75","0","-75","708750","0","-708750"
"000480","CR홀딩스","152","0","-152","710600","0","-710600"
"000140","하이트진로홀딩스","77","0","-77","713790","0","-713790"
"117580","대성에너지","90","0","-90","716400","0","-716400"
"210980","SK디앤디","57","0","-57","718200","0","-718200"
"481070","에이유브랜즈","570","554","-16","15779850","15060000","-719850"
"001630","종근당홀딩스","15","0","-15","734250","0","-734250"
"005010","휴스틸","187","0","-187","756415","0","-756415"
"030210","다올투자증권","200","0","-200","762000","0","-762000"
"000540","흥국화재","220","0","-220","773300","0","-773300"
"003120","일성아이에스","32","0","-32","774400","0","-774400"
"000490","대동","82","0","-82","784740","0","-784740"
"095570","AJ네트웍스","150","0","-150","793500","0","-793500"
"058430","포스코스틸리온","20","0","-20","796000","0","-796000"
"001790","대한제당","295","0","-295","803875","0","-803875"
"033920","무학","93","0","-93","806310","0","-806310"
"028100","동아지질","45","0","-45","806850","0","-806850"
"001750","한양증권","42","0","-42","816900","0","-816900"
"003220","대원제약","73","0","-73","820520","0","-820520"
"003520","영진약품","443","0","-443","821322","0","-821322"
"004560","현대비앤지스틸","47","0","-47","823440","0","-823440"
"000680","LS네트웍스","251","0","-251","845870","0","-845870"
"000430","대원강업","203","0","-203","854630","0","-854630"
"108670","LX하우시스","30","0","-30","856500","0","-856500"
"005500","삼진제약","46","0","-46","871240","0","-871240"
"122900","아이마켓코리아","111","0","-111","876900","0","-876900"
"004360","세방","63","0","-63","882000","0","-882000"
"092790","넥스틸","84","0","-84","888720","0","-888720"
"013890","지누스","74","0","-74","888740","0","-888740"
"078520","에이블씨엔씨","87","0","-87","917850","0","-917850"
"092200","디아이씨","87","0","-87","918720","0","-918720"
"003200","일신방직","74","0","-74","950900","0","-950900"
"070590","한솔인티큐브","501","0","-501","962421","0","-962421"
"011760","현대코퍼레이션","44","0","-44","974600","0","-974600"
"088260","이리츠코크렙","212","0","-212","995340","0","-995340"
"001530","DI동일","52","0","-52","1008280","0","-1008280"
"092460","한라IMS","66","0","-66","1020290","0","-1020290"
"001820","삼화콘덴서","34","0","-34","1026800","0","-1026800"
"475560","더본코리아","44","0","-44","1040600","0","-1040600"
"451760","컨텍","427","395","-32","9492450","8451150","-1041300"
"306200","세아제강","9","0","-9","1048500","0","-1048500"
"010690","화신","117","0","-117","1049490","0","-1049490"
"123890","한국자산신탁","406","0","-406","1049510","0","-1049510"
"002810","삼영무역","62","0","-62","1049660","0","-1049660"
"024720","콜마홀딩스","110","0","-110","1052700","0","-1052700"
"093520","매커스","45","0","-45","1054400","0","-1054400"
"002310","아세아제지","139","0","-139","1057790","0","-1057790"
"017860","DS단석","57","0","-57","1059630","0","-1059630"
"339770","교촌에프앤비","250","0","-250","1064865","0","-1064865"
"403550","쏘카","91","0","-91","1065610","0","-1065610"
"007690","국도화학","31","0","-31","1100500","0","-1100500"
"058650","세아홀딩스","7","0","-7","1101100","0","-1101100"
"018250","애경산업","89","0","-89","1104490","0","-1104490"
"012030","DB","637","0","-637","1107743","0","-1107743"
"001940","KISCO홀딩스","49","0","-49","1117200","0","-1117200"
"104700","한국철강","124","0","-124","1149480","0","-1149480"
"217590","티엠씨","83","0","-83","1171805","0","-1171805"
"001230","동국홀딩스","162","0","-162","1181030","0","-1181030"
"003920","남양유업","25","0","-25","1181950","0","-1181950"
"011930","신성이엔지","679","0","-679","1189608","0","-1189608"
"302440","SK바이오사이언스","797","765","-32","39108200","37917450","-1190750"
"035080","그래디언트","105","0","-105","1194900","0","-1194900"
"126560","현대퓨처넷","374","0","-374","1206150","0","-1206150"
"027410","BGF","317","0","-317","1242640","0","-1242640"
"037460","삼지전자","57","0","-57","1259350","0","-1259350"
"460860","동국제강","160","0","-160","1310400","0","-1310400"
"003280","흥아해운","785","0","-785","1322725","0","-1322725"
"353590","오토앤","400","0","-400","1332000","0","-1332000"
"092230","KPX홀딩스","18","0","-18","1345200","0","-1345200"
"002710","TCC스틸","84","0","-84","1358280","0","-1358280"
"130660","한전산업","105","0","-105","1359750","0","-1359750"
"001510","SK증권","1573","0","-1573","1368510","0","-1368510"
"005610","SPC삼립","28","0","-28","1405600","0","-1405600"
"344820","KCC글라스","53","0","-53","1417750","0","-1417750"
"161000","애경케미칼","142","0","-142","1418580","0","-1418580"
"006110","삼아알미늄","47","0","-47","1426450","0","-1426450"
"348950","제이알글로벌리츠","650","0","-650","1504750","0","-1504750"
"183190","아세아시멘트","122","0","-122","1520120","0","-1520120"
"009900","명신산업","173","0","-173","1534510","0","-1534510"
"016590","신대양제지","132","0","-132","1539120","0","-1539120"
"026890","스틱인베스트먼트","139","0","-139","1560970","0","-1560970"
"017810","풀무원","124","0","-124","1583480","0","-1583480"
"271940","일진하이솔루스","118","0","-118","1590640","0","-1590640"
"050890","쏠리드","289","99","-190","2434770","835510","-1599260"
"170900","동아에스티","30","0","-30","1608000","0","-1608000"
"019170","신풍제약","128","0","-128","1611520","0","-1611520"
"340930","유일에너테크","1000","0","-1000","1613316","0","-1613316"
"145990","삼양사","34","0","-34","1615000","0","-1615000"
"0115H0","삼성스팩13호","500","0","-500","1622745","0","-1622745"
"003300","한일홀딩스","107","0","-107","1640820","0","-1640820"
"0015N0","아로마티카","183","0","-183","1650150","0","-1650150"
"000400","롯데손해보험","1012","0","-1012","1657656","0","-1657656"
"034310","NICE","122","0","-122","1657980","0","-1657980"
"145720","덴티움","36","0","-36","1659600","0","-1659600"
"090710","휴림로봇","788","684","-104","11544335","9876020","-1668315"
"070960","모나용평","547","0","-547","1717900","0","-1717900"
"192650","드림텍","227","0","-227","1725200","0","-1725200"
"016800","퍼시스","41","0","-41","1740450","0","-1740450"
"336370","솔루스첨단소재","229","0","-229","1758720","0","-1758720"
"006220","제주은행","104","0","-104","1773200","0","-1773200"
"016380","KG스틸","333","0","-333","1794870","0","-1794870"
"484120","도우인시스","143","64","-79","3355400","1509700","-1845700"
"377740","바이오노트","332","0","-332","1895720","0","-1895720"
"338220","뷰노","94","0","-94","1974000","0","-1974000"
"456040","OCI","29","0","-29","1986500","0","-1986500"
"017940","E1","23","0","-23","1989500","0","-1989500"
"419530","SAMG엔터","143","85","-58","5166825","3072600","-2094225"
"011690","와이투솔루션","390","0","-390","2109900","0","-2109900"
"383800","LX홀딩스","250","0","-250","2117500","0","-2117500"
"360070","탑머티리얼","100","0","-100","2205000","0","-2205000"
"000370","한화손해보험","387","0","-387","2263950","0","-2263950"
"001270","부국증권","33","0","-33","2366100","0","-2366100"
"079900","전진건설로봇","47","0","-47","2368800","0","-2368800"
"458610","한국제12호스팩","16152","15000","-1152","33838440","31425000","-2413440"
"331740","아우토크립트","162","0","-162","2464580","0","-2464580"
"0096D0","미래에셋비전스팩9호","39943","38598","-1345","79400052","76839032","-2561020"
"464680","KB제27호스팩","1280","0","-1280","2657489","0","-2657489"
"004000","롯데정밀화학","340","281","-59","15830600","13166050","-2664550"
"268280","미원에스씨","21","0","-21","2765600","0","-2765600"
"108320","LX세미콘","53","0","-53","2814300","0","-2814300"
"237880","클리오","219","0","-219","2832940","0","-2832940"
"057050","현대홈쇼핑","50","0","-50","2858200","0","-2858200"
"009160","SIMPAC","602","0","-602","2924400","0","-2924400"
"005430","한국공항","44","0","-44","2971500","0","-2971500"
"030610","교보증권","276","0","-276","3077400","0","-3077400"
"079160","CJ CGV","537","0","-537","3157560","0","-3157560"
"091810","티웨이항공","2360","0","-2360","3180655","0","-3180655"
"0097F0","미래에셋비전스팩10호","41673","40000","-1673","82711280","79486318","-3224962"
"002840","미원상사","24","0","-24","3250600","0","-3250600"
"003960","사조대림","92","0","-92","3262400","0","-3262400"
"006120","SK디스커버리","61","0","-61","3306200","0","-3306200"
"001130","대한제분","24","0","-24","3428400","0","-3428400"
"002960","한국쉘석유","8","0","-8","3450000","0","-3450000"
"072710","농심홀딩스","40","0","-40","3468650","0","-3468650"
"008730","율촌화학","139","2","-137","3624750","52150","-3572600"
"014820","동원시스템즈","134","1","-133","3609800","27000","-3582800"
"082640","동양생명","521","0","-521","3594900","0","-3594900"
"001740","SK네트웍스","712","0","-712","3595600","0","-3595600"
"005720","넥센","618","0","-618","3617210","0","-3617210"
"439090","마녀공장","261","0","-261","3626740","0","-3626740"
"122350","삼기","2009","0","-2009","3654371","0","-3654371"
"002030","아세아","13","0","-13","3670500","0","-3670500"
"084690","대상홀딩스","385","0","-385","3713780","0","-3713780"
"348030","모비릭스","1850","500","-1350","5146510","1400000","-3746510"
"005420","코스모화학","240","5","-235","3839980","79970","-3760010"
"950250","테라뷰","413","0","-413","3803175","0","-3803175"
"037270","YG PLUS","554","0","-554","3830290","0","-3830290"
"453340","현대그린푸드","258","0","-258","3875670","0","-3875670"
"322000","HD현대에너지솔루션","76","0","-76","3890800","0","-3890800"
"000050","경방","407","0","-407","3902200","0","-3902200"
"037710","광주신세계","125","0","-125","3917550","0","-3917550"
"033270","유나이티드제약","210","0","-210","3933650","0","-3933650"
"052300","오션인더블유","1777","0","-1777","3944940","0","-3944940"
"056080","유진로봇","213","95","-118","7042200","3091000","-3951200"
"415640","KB발해인프라","396","0","-396","3963960","0","-3963960"
"214420","토니모리","462","0","-462","3998130","0","-3998130"
"284740","쿠쿠홈시스","173","0","-173","4021200","0","-4021200"
"041190","우리기술투자","609","97","-512","4861320","773090","-4088230"
"009450","경동나비엔","75","2","-73","4212800","113200","-4099600"
"089590","제주항공","780","0","-780","4135920","0","-4135920"
"192400","쿠쿠홀딩스","154","0","-154","4138700","0","-4138700"
"0015S0","페스카로","234","48","-186","5466900","1236000","-4230900"
"065710","서호전기","83","0","-83","4237600","0","-4237600"
"488900","비츠로넥스텍","433","265","-168","11540950","7291500","-4249450"
"078600","대주전자재료","232","177","-55","17784100","13531900","-4252200"
"051900","LG생활건강","227","209","-18","57937500","53681000","-4256500"
"032940","원익","325","0","-325","4306870","0","-4306870"
"051905","LG생활건강우","40","0","-40","4364000","0","-4364000"
"482690","대신밸런스제19호스팩","2100","0","-2100","4529755","0","-4529755"
"043150","바텍","229","0","-229","4536550","0","-4536550"
"950170","JTC","837","0","-837","4622120","0","-4622120"
"093370","후성","591","11","-580","4810230","89260","-4720970"
"060980","HL홀딩스","106","0","-106","4744150","0","-4744150"
"004980","성신양회","494","0","-494","4843710","0","-4843710"
"009290","광동제약","821","0","-821","4899270","0","-4899270"
"025860","남해화학","738","0","-738","4916130","0","-4916130"
"005250","녹십자홀딩스","335","4","-331","4980110","59520","-4920590"
"033530","SJG세종","471","0","-471","5049580","0","-5049580"
"002240","고려제강","243","0","-243","5205650","0","-5205650"
"489210","교보17호스팩","7452","5000","-2452","15815525","10600000","-5215525"
"085620","미래에셋생명","580","0","-580","5318600","0","-5318600"
"009240","한샘","121","2","-119","5458500","90500","-5368000"
"008060","대덕","517","0","-517","5601880","0","-5601880"
"051915","LG화학우","38","0","-38","5757600","0","-5757600"
"241770","메카로","247","0","-247","5880750","0","-5880750"
"272450","진에어","894","0","-894","5897020","0","-5897020"
"226320","잇츠한불","530","0","-530","6018940","0","-6018940"
"488280","에스투더블유","1682","1416","-266","37457525","31376150","-6081375"
"086450","동국제약","384","45","-339","6945820","818100","-6127720"
"015750","성우하이텍","1039","246","-793","8093020","1920660","-6172360"
"206650","유바이오로직스","492","0","-492","6181840","0","-6181840"
"097520","엠씨넥스","214","0","-214","6226975","0","-6226975"
"462870","시프트업","187","0","-187","6227100","0","-6227100"
"003850","보령","692","0","-692","6246250","0","-6246250"
"214320","이노션","339","0","-339","6305785","0","-6305785"
"131290","티에스이","2438","2313","-125","192229200","185905500","-6323700"
"004700","조광피혁","93","0","-93","6772250","0","-6772250"
"137310","에스디바이오센서","778","7","-771","6837050","61770","-6775280"
"003800","에이스침대","207","0","-207","7010950","0","-7010950"
"003690","코리안리","623","0","-623","7145810","0","-7145810"
"025980","아난티","1014","117","-897","8142420","940680","-7201740"
"281740","레이크머티리얼즈","2981","2726","-255","80827200","73624875","-7202325"
"003620","KG모빌리티","1967","0","-1967","7269372","0","-7269372"
"000080","하이트진로","434","6","-428","7538920","104330","-7434590"
"300720","한일시멘트","446","4","-442","7552380","67950","-7484430"
"002900","TYM","1072","0","-1072","7485240","0","-7485240"
"054210","이랜텍","727","0","-727","7509040","0","-7509040"
"023590","다우기술","159","0","-159","7659050","0","-7659050"
"352480","씨앤씨인터내셔널","225","6","-219","8096750","218400","-7878350"
"041520","이엘씨","1174","0","-1174","7888790","0","-7888790"
"004430","송원산업","905","0","-905","7935805","0","-7935805"
"001390","KG케미칼","1386","0","-1386","7980540","0","-7980540"
"003090","대웅","354","4","-350","8230600","93450","-8137150"
"005960","동부건설","1760","232","-1528","9451200","1245840","-8205360"
"007160","사조산업","142","0","-142","8356900","0","-8356900"
"199820","제일일렉트릭","881","0","-881","8561880","0","-8561880"
"015860","일진홀딩스","1173","0","-1173","8604470","0","-8604470"
"144960","뉴파워프라즈마","1436","0","-1436","8788860","0","-8788860"
"001800","오리온홀딩스","437","4","-433","9055000","83000","-8972000"
"001720","신영증권","52","0","-52","8975200","0","-8975200"
"126720","수산인더스트리","386","0","-386","9315200","0","-9315200"
"071055","한국금융지주우","67","0","-67","9406800","0","-9406800"
"123750","알톤","4974","0","-4974","9450600","0","-9450600"
"900070","글로벌에스엠","22014","0","-22014","9466020","0","-9466020"
"118000","메타케어","31980","0","-31980","9466181","0","-9466181"
"001770","SHD","534","0","-534","9473160","0","-9473160"
"090150","아이윈","13239","0","-13239","9479124","0","-9479124"
"358570","지아이이노베이션","833","174","-659","12220290","2550610","-9669680"
"02826K","삼성물산우B","54","0","-54","9671400","0","-9671400"
"204610","티쓰리","5000","0","-5000","10100000","0","-10100000"
"138490","코오롱ENP","1044","0","-1044","10109630","0","-10109630"
"001680","대상","494","4","-490","10548650","85050","-10463600"
"192410","오늘이엔엠","12900","0","-12900","10493557","0","-10493557"
"000500","가온전선","135","1","-134","11107900","83200","-11024700"
"060280","큐렉소","822","253","-569","16468990","5299950","-11169040"
"004490","세방전지","183","1","-182","11362000","62400","-11299600"
"007340","DN오토모티브","479","10","-469","11586800","241250","-11345550"
"304360","에스바이오메딕스","362","0","-362","11486650","0","-11486650"
"020560","아시아나항공","1659","0","-1659","12470760","0","-12470760"
"0009K0","에임드바이오","500","252","-248","25766500","13091800","-12674700"
"080160","모두투어","1122","0","-1122","12810540","0","-12810540"
"007310","오뚜기","35","0","-35","13285500","0","-13285500"
"285130","SK케미칼","208","2","-206","13452400","129300","-13323100"
"340570","티앤엘","246","0","-246","13391800","0","-13391800"
"026960","동서","543","6","-537","13668100","150950","-13517150"
"029460","케이씨","424","0","-424","13682850","0","-13682850"
"006040","동원산업","351","2","-349","14193050","80700","-14112350"
"259630","엠플러스","1033","0","-1033","14257460","0","-14257460"
"002790","아모레퍼시픽홀딩스","511","5","-506","14609300","143150","-14466150"
"417790","트루엔","3292","1421","-1871","25651730","11029210","-14622520"
"200710","에이디테크놀로지","417","0","-417","15392350","0","-15392350"
"003000","부광약품","4043","0","-4043","15606140","0","-15606140"
"286940","롯데이노베이트","720","0","-720","15614100","0","-15614100"
"000640","동아쏘시오홀딩스","357","210","-147","38039650","22338800","-15700850"
"263720","디앤씨미디어","2102","788","-1314","25254950","9471470","-15783480"
"004590","한국가구","3182","0","-3182","16075200","0","-16075200"
"299170","더블유에스아이","5000","0","-5000","17249010","0","-17249010"
"053610","프로텍","359","27","-332","18706400","1445500","-17260900"
"353810","이지바이오","2432","0","-2432","17329620","0","-17329620"
"315640","딥노이드","5000","0","-5000","18000000","0","-18000000"
"110990","디아이티","850","0","-850","18027900","0","-18027900"
"006910","보성파워텍","2385","0","-2385","18130685","0","-18130685"
"003540","대신증권","647","47","-600","19619050","1417150","-18201900"
"000240","한국앤컴퍼니","711","5","-706","18425350","130100","-18295250"
"034120","SBS","1021","0","-1021","18896720","0","-18896720"
"009070","KCTC","3031","0","-3031","19487470","0","-19487470"
"285490","노바텍","685","0","-685","19633950","0","-19633950"
"489500","엘케이켐","702","0","-702","20897850","0","-20897850"
"0099X0","IBKS제25호스팩","9975","0","-9975","21355605","0","-21355605"
"005810","풍산홀딩스","547","0","-547","21371300","0","-21371300"
"008250","이건산업","5172","0","-5172","21954276","0","-21954276"
"018290","브이티","1159","40","-1119","23130625","808000","-22322625"
"088350","한화생명","6815","70","-6745","23070475","236280","-22834195"
"011210","현대위아","457","172","-285","37907600","14744300","-23163300"
"348340","뉴로메카","440","159","-281","37906000","14302300","-23603700"
"317450","명인제약","393","0","-393","24063450","0","-24063450"
"078890","가온그룹","3812","0","-3812","24086330","0","-24086330"
"052710","아모텍","2465","0","-2465","24540270","0","-24540270"
"005690","파미셀","4806","2940","-1866","65611605","40775220","-24836385"
"375500","DL이앤씨","589","6","-583","25818950","262500","-25556450"
"036030","케이티알파","5702","0","-5702","25946575","0","-25946575"
"090460","비에이치","2614","1127","-1487","46293450","20012680","-26280770"
"036460","한국가스공사","681","8","-673","26778350","314075","-26464275"
"073240","금호타이어","4792","33","-4759","27710385","190850","-27519535"
"253590","네오셈","3000","1037","-1963","45100000","16212770","-28887230"
"424870","이뮨온시아","2761","0","-2761","29115380","0","-29115380"
"081180","쎄크","1630","0","-1630","29440855","0","-29440855"
"271980","제일약품","2083","0","-2083","29762440","0","-29762440"
"001450","현대해상","1096","13","-1083","30152200","357650","-29794550"
"053210","스카이라이프","6327","0","-6327","30210080","0","-30210080"
"016610","DB증권","2352","0","-2352","30384730","0","-30384730"
"215090","솔디펜스","10373","0","-10373","30409290","0","-30409290"
"086390","유니테스트","2301","40","-2261","31372340","545200","-30827140"
"474650","링크솔루션","554","40","-514","33280350","2405600","-30874750"
"472850","폰드그룹","5403","0","-5403","31009020","0","-31009020"
"068930","디지털대성","3941","0","-3941","31514750","0","-31514750"
"017890","한국알콜","2932","0","-2932","31878680","0","-31878680"
"085910","네오티스","7974","5339","-2635","97364135","65220440","-32143695"
"088980","맥쿼리인프라","2934","0","-2934","32684760","0","-32684760"
"000880","한화","687","384","-303","75672800","42571000","-33101800"
"204270","제이앤티씨","2827","1438","-1389","67164450","33147700","-34016750"
"029780","삼성카드","624","0","-624","34320250","0","-34320250"
"000320","노루홀딩스","1661","0","-1661","34330100","0","-34330100"
"214270","FSN","18940","0","-18940","34682751","0","-34682751"
"039440","에스티아이","1000","0","-1000","35270925","0","-35270925"
"114810","한솔아이원스","2613","0","-2613","35824930","0","-35824930"
"069460","대호에이엘","27000","0","-27000","36434974","0","-36434974"
"035250","강원랜드","2165","24","-2141","36903820","409735","-36494085"
"0099W0","미래에셋비전스팩11호","49702","31000","-18702","98830637","61774462","-37056175"
"389020","자람테크놀로지","950","0","-950","37454775","0","-37454775"
"096770","SK이노베이션","1436","1042","-394","154936600","116591700","-38344900"
"005090","SGC에너지","1806","0","-1806","38347000","0","-38347000"
"003350","한국화장품제조","800","0","-800","39510600","0","-39510600"
"462350","이노스페이스","1794","0","-1794","39905100","0","-39905100"
"241560","두산밥캣","799","105","-694","46106200","6052400","-40053800"
"112290","와이씨켐","1740","0","-1740","40490675","0","-40490675"
"445090","에이직랜드","1300","0","-1300","40825950","0","-40825950"
"022100","포스코DX","1103","10","-1093","41435900","376800","-41059100"
"473980","노머스","2000","167","-1833","44940950","3674000","-41266950"
"003470","유안타증권","9629","0","-9629","41473213","0","-41473213"
"005180","빙그레","578","16","-562","42672900","1189800","-41483100"
"064260","다날","6023","1434","-4589","54920750","13075970","-41844780"
"310210","보로노이","729","529","-200","157091500","114115500","-42976000"
"010170","대한광통신","13471","0","-13471","43198894","0","-43198894"
"482630","삼양엔씨켐","1475","0","-1475","44266700","0","-44266700"
"002380","KCC","235","140","-95","111993750","67429500","-44564250"
"001500","현대차증권","4990","0","-4990","44763720","0","-44763720"
"383310","에코프로에이치엔","3307","2025","-1282","130650750","85877900","-44772850"
"394800","쓰리빌리언","6083","3207","-2876","93408585","48573675","-44834910"
"127120","제이에스링크","2104","0","-2104","45157835","0","-45157835"
"158430","아톤","6287","0","-6287","45960070","0","-45960070"
"329180","HD현대중공업","1506","1425","-81","839123500","791902000","-47221500"
"241590","화승엔터프라이즈","9546","0","-9546","47316030","0","-47316030"
"025540","한국단자","649","0","-649","47803700","0","-47803700"
"003530","한화투자증권","7882","0","-7882","49067765","0","-49067765"
"0101C0","하나36호스팩","58248","33000","-25248","115277847","65391398","-49886449"
"018880","한온시스템","15698","52","-15646","50810085","167195","-50642890"
"486990","노타","3817","2464","-1353","162223675","110802325","-51421350"
"180640","한진칼","478","10","-468","52634900","1104000","-51530900"
"456070","이엔셀","2900","0","-2900","51579425","0","-51579425"
"405100","큐알티","2940","0","-2940","51670650","0","-51670650"
"031430","신세계인터내셔날","4344","0","-4344","51726350","0","-51726350"
"005940","NH투자증권","2513","393","-2120","63179825","10182225","-52997600"
"030530","원익홀딩스","1367","50","-1317","55299450","1988200","-53311250"
"099190","아이센스","5700","2479","-3221","97647555","43053295","-54594260"
"078930","GS","1059","171","-888","68454200","11286600","-57167600"
"473370","비엔케이제2호스팩","20919","0","-20919","57455730","0","-57455730"
"192080","더블유게임즈","1127","2","-1125","57686300","102400","-57583900"
"105630","한세실업","4081","0","-4081","58310710","0","-58310710"
"377450","리파인","5000","0","-5000","59871290","0","-59871290"
"000100","유한양행","587","13","-574","61534800","1361500","-60173300"
"032640","LG유플러스","4037","154","-3883","64063790","2458040","-61605750"
"078350","한양디지텍","3066","747","-2319","81272500","19476600","-61795900"
"044820","코스맥스비티아이","4820","0","-4820","62277730","0","-62277730"
"034830","한국토지신탁","52455","0","-52455","63050248","0","-63050248"
"464490","쿼드메디슨","15490","12015","-3475","246436690","180285645","-66151045"
"000120","CJ대한통운","1047","378","-669","104777850","37709200","-67068650"
"138930","BNK금융지주","4190","54","-4136","69123830","893320","-68230510"
"001120","LX인터내셔널","1818","0","-1818","68544000","0","-68544000"
"041830","인바디","2189","0","-2189","68994850","0","-68994850"
"182360","큐브엔터","5429","0","-5429","69224640","0","-69224640"
"000670","영풍","2324","1151","-1173","138688000","68577700","-70110300"
"064850","에프앤가이드","5692","0","-5692","71291460","0","-71291460"
"069620","대웅제약","442","1","-441","72576050","162000","-72414050"
"102940","코오롱생명과학","1049","0","-1049","72622000","0","-72622000"
"010950","S-Oil","18935","17921","-1014","1925202200","1848698250","-76503950"
"0008Z0","에스엔시스","2378","0","-2378","77008300","0","-77008300"
"086900","메디톡스","609","10","-599","78664000","1308000","-77356000"
"466100","클로봇","1431","331","-1100","104492500","25145000","-79347500"
"226400","오스테오닉","13119","0","-13119","80425130","0","-80425130"
"235980","메드팩토","28789","18078","-10711","219942280","139244000","-80698280"
"327260","RF머트리얼즈","2477","0","-2477","83230500","0","-83230500"
"290550","디케이티","8733","0","-8733","83446020","0","-83446020"
"078020","LS증권","15459","0","-15459","83710480","0","-83710480"
"003030","세아제강지주","629","0","-629","84483900","0","-84483900"
"319400","현대무벡스","3219","679","-2540","107063225","21879650","-85183575"
"309710","아이티켐","2513","0","-2513","88406050","0","-88406050"
"086670","비엠티","7376","0","-7376","89392950","0","-89392950"
"006650","대한유화","664","62","-602","99601950","9563000","-90038950"
"101490","에스앤에스텍","1132","55","-1077","95239700","4609800","-90629900"
"361610","SK아이이테크놀로지","4042","530","-3512","105580050","14393100","-91186950"
"298050","HS효성첨단소재","393","0","-393","92286500","0","-92286500"
"005850","에스엘","1800","30","-1770","95606900","1594000","-94012900"
"388720","유일로보틱스","1202","470","-732","159075900","62618700","-96457200"
"009970","영원무역홀딩스","880","398","-482","177967900","80836000","-97131900"
"033160","엠케이전자","9900","0","-9900","101138460","0","-101138460"
"036530","SNT홀딩스","1957","0","-1957","102705600","0","-102705600"
"006360","GS건설","5746","13","-5733","106460300","238460","-106221840"
"014620","성광벤드","3576","189","-3387","113374650","6040050","-107334600"
"448900","한국피아이엠","1613","0","-1613","108009500","0","-108009500"
"033240","자화전자","10903","7300","-3603","335895000","227100500","-108794500"
"018260","삼성에스디에스","2676","2007","-669","448073850","338369600","-109704250"
"389650","넥스트바이오메디컬","1961","470","-1491","144769800","34629900","-110139900"
"031210","서울보증보험","2215","0","-2215","110451525","0","-110451525"
"219130","타이거일렉","3170","0","-3170","112884900","0","-112884900"
"036810","에프에스티","3347","774","-2573","147529900","33457600","-114072300"
"458650","성우","8787","0","-8787","119053150","0","-119053150"
"236200","슈프리마","3602","758","-2844","152389725","32290800","-120098925"
"293490","카카오게임즈","11373","4006","-7367","186728580","65779240","-120949340"
"089890","코세스","9017","3999","-5018","231877600","108809100","-123068500"
"012630","HDC","25084","18640","-6444","487768070","364148610","-123619460"
"071320","지역난방공사","2273","1030","-1243","226896400","102765400","-124131000"
"024110","기업은행","5802","58","-5744","126337750","1260000","-125077750"
"365340","성일하이텍","2831","989","-1842","191320200","65373600","-125946600"
"336260","두산퓨얼셀","4240","383","-3857","140652675","12702000","-127950675"
"0098T0","교보19호스팩","64983","0","-64983","131922885","0","-131922885"
"220100","퓨쳐켐","5719","0","-5719","138178600","0","-138178600"
"475400","씨메스","4956","1420","-3536","202630100","60764000","-141866100"
"418470","KT밀리의서재","13348","2789","-10559","179509000","37499900","-142009100"
"034220","LG디스플레이","14393","1659","-12734","160658310","18418420","-142239890"
"389030","지니너스","40000","0","-40000","143973735","0","-143973735"
"294870","HDC현대산업개발","7098","0","-7098","144084150","0","-144084150"
"357580","아모센스","48942","38666","-10276","706877170","560345075","-146532095"
"097230","HJ중공업","6183","0","-6183","148188550","0","-148188550"
"199800","툴젠","2500","0","-2500","153600000","0","-153600000"
"006730","서부T&D","126569","116212","-10357","2233094345","2079374585","-153719760"
"033500","동성화인텍","6300","604","-5696","171108325","16666375","-154441950"
"161390","한국타이어앤테크놀로지","2530","15","-2515","157342550","931850","-156410700"
"005300","롯데칠성","1903","740","-1163","256164900","99742400","-156422500"
"456010","아이씨티케이","9233","0","-9233","157543490","0","-157543490"
"330860","네패스아크","8936","0","-8936","159519520","0","-159519520"
"226590","엠디바이스","8676","0","-8676","159823055","0","-159823055"
"194700","노바렉스","15085","2936","-12149","209205450","40680870","-168524580"
"214430","아이쓰리시스템","1763","394","-1369","219670000","47870500","-171799500"
"475830","오름테라퓨틱","1605","0","-1605","171951900","0","-171951900"
"295310","에이치브이엠","9388","7356","-2032","831066500","658548800","-172517700"
"122870","와이지엔터테인먼트","7206","4704","-2502","506833700","333508950","-173324750"
"120110","코오롱인더","4403","1049","-3354","232126600","55010400","-177116200"
"499790","GS피앤엘","10134","6614","-3520","512515000","334773150","-177741850"
"316140","우리금융지주","9857","3853","-6004","295776975","117886050","-177890925"
"251970","펌텍코리아","3509","683","-2826","222842800","43580500","-179262300"
"065350","신성델타테크","3459","1010","-2449","258986600","76400000","-182586600"
"402340","SK스퀘어","8936","8613","-323","4603436000","4418107500","-185328500"
"178320","서진시스템","5728","735","-4993","211742700","26409100","-185333600"
"00680K","미래에셋증권2우B","35236","22271","-12965","545447135","359964205","-185482930"
"00088K","한화3우B","4115","0","-4115","189402300","0","-189402300"
"257720","실리콘투","19161","15236","-3925","992920350","803020200","-189900150"
"357780","솔브레인","3372","2964","-408","1483294500","1293259250","-190035250"
"348210","넥스틴","5506","3473","-2033","494774900","299305700","-195469200"
"095660","네오위즈","7122","23","-7099","206034900","664700","-205370200"
"171090","선익시스템","6294","2778","-3516","383723450","174110100","-209613350"
"348370","엔켐","4806","2170","-2636","412690900","202239400","-210451500"
"466910","엔에이치스팩30호","87441","28000","-59441","316377560","102072875","-214304685"
"000810","삼성화재","446","0","-446","215615000","0","-215615000"
"033100","제룡전기","4896","19","-4877","223575750","855950","-222719800"
"278280","천보","5569","1587","-3982","316206600","92124900","-224081700"
"200670","휴메딕스","6025","668","-5357","255657400","28289250","-227368150"
"003570","SNT다이내믹스","6728","2119","-4609","333729200","105766200","-227963000"
"025900","동화기업","22481","20","-22461","233464280","206600","-233257680"
"005387","현대차2우B","1407","500","-907","366775250","129075000","-237700250"
"0120G0","삼양바이오팜","2708","30","-2678","246147900","2717500","-243430400"
"450950","아스테라시스","16752","2","-16750","246902205","29120","-246873085"
"011790","SKC","2521","272","-2249","280508600","31391000","-249117600"
"004020","현대제철","11257","2823","-8434","336605225","85400475","-251204750"
"103140","풍산","15969","13884","-2085","1947595900","1696160400","-251435500"
"082740","한화엔진","5237","614","-4623","284899400","33156400","-251743000"
"090435","아모레퍼시픽우","4985","0","-4985","252391650","0","-252391650"
"096530","씨젠","9192","58","-9134","254787200","1597500","-253189700"
"010060","OCI홀딩스","3342","993","-2349","373792200","112896200","-260896000"
"437730","삼현","4323","176","-4147","275290500","10884300","-264406200"
"105840","우진","15437","4428","-11009","381259400","110976500","-270282900"
"185750","종근당","3256","1","-3255","272568600","84100","-272484500"
"255220","SG","100886","0","-100886","272819590","0","-272819590"
"092730","네오팜","30068","16297","-13771","600442920","327621720","-272821200"
"139480","이마트","3907","820","-3087","347879500","73472600","-274406900"
"417200","LS머트리얼즈","17663","1071","-16592","291912800","17398580","-274514220"
"474170","루미르","15242","0","-15242","275186135","0","-275186135"
"028050","삼성E&A","10143","1177","-8966","313892125","36782550","-277109575"
"307180","아이엘","69044","0","-69044","279059770","0","-279059770"
"083650","비에이치아이","15910","11764","-4146","1127020000","844654800","-282365200"
"082920","비츠로셀","15252","1243","-14009","308918300","25456075","-283462225"
"376300","디어유","7987","22","-7965","288510750","790900","-287719850"
"215600","신라젠","69277","1178","-68099","298336422","5332670","-293003752"
"032820","우리기술","34340","287","-34053","305376460","2577260","-302799200"
"009420","한올바이오파마","8437","2349","-6088","422845800","120013150","-302832650"
"012330","현대모비스","1759","1056","-703","772285750","468807500","-303478250"
"032830","삼성생명","3508","1774","-1734","631236000","323485950","-307750050"
"003670","포스코퓨처엠","2400","1009","-1391","531854000","223521750","-308332250"
"066970","엘앤에프","5027","2534","-2493","629233900","320180200","-309053700"
"336570","원텍","32445","79","-32366","310628590","738650","-309889940"
"252990","샘씨엔에스","30856","0","-30856","318366055","0","-318366055"
"376900","로킷헬스케어","5303","0","-5303","320754800","0","-320754800"
"036930","주성엔지니어링","8015","316","-7699","335534475","13413350","-322121125"
"010780","아이에스동서","14099","0","-14099","323209500","0","-323209500"
"009830","한화솔루션","12126","68","-12058","326683975","1841850","-324842125"
"016880","웅진","151572","11920","-139652","352835770","27769455","-325066315"
"011780","금호석유화학","7151","4653","-2498","992376500","657629600","-334746900"
"020150","롯데에너지머티리얼즈","9888","876","-9012","369850650","32324400","-337526250"
"036830","솔브레인홀딩스","6761","258","-6503","351108650","13427850","-337680800"
"001440","대한전선","17943","5245","-12698","490927825","143120700","-347807125"
"452430","사피엔반도체","9240","0","-9240","348350300","0","-348350300"
"253450","스튜디오드래곤","7570","25","-7545","349978175","1152500","-348825675"
"319660","피에스케이","6363","187","-6176","360046950","10880250","-349166700"
"112040","위메이드","11588","36","-11552","353122925","1098000","-352024925"
"003550","LG","4256","200","-4056","376060500","17873400","-358187100"
"490470","세미파이브","16650","3600","-13050","460604550","102224025","-358380525"
"229640","LS에코에너지","9047","0","-9047","359010750","0","-359010750"
"222800","심텍","47261","41136","-6125","2861313100","2501143800","-360169300"
"0015G0","그린광학","10917","142","-10775","383522375","5236600","-378285775"
"476830","알지노믹스","5756","3153","-2603","838341050","457351100","-380989950"
"008930","한미사이언스","9426","6","-9420","382314425","236900","-382077525"
"089030","테크윙","19980","11289","-8691","921822725","524621825","-397200900"
"0007C0","아크릴","11702","3391","-8311","557201250","158923600","-398277650"
"178920","PI첨단소재","25869","0","-25869","413944615","0","-413944615"
"425420","티에프이","12210","509","-11701","433819600","18421650","-415397950"
"175330","JB금융지주","17271","968","-16303","441613700","24688600","-416925100"
"326030","SK바이오팜","4378","632","-3746","494498700","71162200","-423336500"
"035760","CJ ENM","6580","415","-6165","454089200","28639900","-425449300"
"271560","오리온","6492","2899","-3593","775767800","347952800","-427815000"
"267270","HD건설기계","26329","22427","-3902","2850994250","2421614950","-429379300"
"005490","POSCO홀딩스","1884","557","-1327","648062250","195133000","-452929250"
"494120","큐리오시스","7257","233","-7024","493360900","16011300","-477349600"
"0001A0","덕양에너젠","12601","0","-12601","481512600","0","-481512600"
"047810","한국항공우주","10559","7470","-3089","1724048200","1235687450","-488360750"
"062040","산일전기","4831","1139","-3692","674663150","157598250","-517064900"
"251270","넷마블","10352","136","-10216","529846700","7090600","-522756100"
"010130","고려아연","3510","3206","-304","5875954000","5351171000","-524783000"
"443060","HD현대마린솔루션","5133","2122","-3011","904388550","375456500","-528932050"
"192820","코스맥스","2880","69","-2811","553049300","13155300","-539894000"
"214370","케어젠","5795","909","-4886","639592350","98357600","-541234750"
"051910","LG화학","2513","708","-1805","755392250","212314250","-543078000"
"112610","씨에스윈드","13807","5","-13802","547867225","196100","-547671125"
"298020","효성티앤씨","1987","441","-1546","739194500","164144000","-575050500"
"234340","헥토파이낸셜","24875","0","-24875","577723150","0","-577723150"
"083450","GST","22563","283","-22280","622397700","8016300","-614381400"
"001430","세아베스틸지주","10897","2237","-8660","777640400","162604000","-615036400"
"124500","아이티센글로벌","54300","40493","-13807","2591421000","1969150625","-622270375"
"123330","제닉","51345","19783","-31562","1054864055","408558860","-646305195"
"399720","가온칩스","10871","1546","-9325","756125700","105228700","-650897000"
"071970","HD현대마린엔진","9199","1599","-7600","790168200","138846300","-651321900"
"086790","하나금융지주","33681","26797","-6884","3476809050","2820938350","-655870700"
"183300","코미코","13428","7829","-5599","1571080550","912498300","-658582250"
"099430","바이오플러스","130695","0","-130695","689209380","0","-689209380"
"244920","에이플러스에셋","54663","0","-54663","694234330","0","-694234330"
"068270","셀트리온","7714","4392","-3322","1597029750","895534500","-701495250"
"023160","태광","26951","567","-26384","718194850","15354875","-702839975"
"160190","하이젠알앤엠","10197","1440","-8757","826560900","114543250","-712017650"
"373220","LG에너지솔루션","2404","473","-1931","921496500","183729250","-737767250"
"042520","한스바이오메드","36036","19068","-16968","1563299150","822705150","-740594000"
"012510","더존비즈온","10370","2304","-8066","972539200","216330100","-756209100"
"052690","한전기술","6061","17","-6044","778022700","2159900","-775862800"
"009155","삼성전기우","6355","0","-6355","777044700","0","-777044700"
"032500","케이엠더블유","43903","1066","-42837","818472020","20496840","-797975180"
"016360","삼성증권","9892","341","-9551","843298750","29115050","-814183700"
"031980","피에스케이홀딩스","12186","1317","-10869","918885100","100793600","-818091500"
"222080","씨아이에스","69561","909","-68652","839326940","12102210","-827224730"
"166090","하나머티리얼즈","14847","819","-14028","918665650","51944500","-866721150"
"108380","대양전기공업","33411","396","-33015","945420425","11376950","-934043475"
"039030","이오테크닉스","3653","1031","-2622","1317699000","374977000","-942722000"
"067310","하나마이크론","27253","1002","-26251","995215775","36854500","-958361275"
"014680","한솔케미칼","3454","2","-3452","969693000","542500","-969150500"
"420770","기가비스","21005","2117","-18888","1090442900","109364550","-981078350"
"450080","에코프로머티","17960","3177","-14783","1194561750","211474600","-983087150"
"102710","이엔에프테크놀로지","30701","12475","-18226","1672771000","672660150","-1000110850"
"267250","HD현대","5339","795","-4544","1197939750","186948250","-1010991500"
"029530","신도리코","18819","0","-18819","1027057700","0","-1027057700"
"024850","HLB이노베이션","397452","0","-397452","1032369573","0","-1032369573"
"039490","키움증권","6961","4416","-2545","2929791500","1864109250","-1065682250"
"095340","ISC","9285","1524","-7761","1297693400","218369650","-1079323750"
"103590","일진전기","17841","0","-17841","1096268550","0","-1096268550"
"189300","인텔리안테크","12173","1006","-11167","1240466650","103608300","-1136858350"
"194480","데브시스터즈","32899","901","-31998","1193335900","32836100","-1160499800"
"468530","프로티나","15992","649","-15343","1231007100","49524500","-1181482600"
"204320","HL만도","21676","1960","-19716","1341268700","121981150","-1219287550"
"067000","조이시티","435858","423","-435435","1226438005","1246680","-1225191325"
"272290","이녹스첨단소재","44169","9999","-34170","1596989425","345247450","-1251741975"
"066570","LG전자","18273","5242","-13031","1786000200","508035650","-1277964550"
"381970","케이카","86652","0","-86652","1305193080","0","-1305193080"
"028300","HLB","51917","26387","-25530","2857195300","1460600050","-1396595250"
"004170","신세계","10532","5829","-4703","3304525500","1873785000","-1430740500"
"079370","제우스","76744","2065","-74679","1470695280","38716645","-1431978635"
"491000","리브스메드","20787","114","-20673","1475464800","7992400","-1467472400"
"039200","오스코텍","30097","1612","-28485","1563935950","82677000","-1481258950"
"267260","HD현대일렉트릭","2368","540","-1828","1998378000","462450500","-1535927500"
"478340","나라스페이스테크놀로지","28892","1009","-27883","1668218500","59761350","-1608457150"
"241710","코스메카코리아","18982","2097","-16885","1861375350","208968400","-1652406950"
"000720","현대건설","24249","6949","-17300","2423732500","704690700","-1719041800"
"003490","대한항공","83526","6628","-76898","1888371125","149907500","-1738463625"
"084370","유진테크","20741","3125","-17616","2123537200","312121400","-1811415800"
"140860","파크시스템스","7862","1089","-6773","2214240500","304104250","-1910136250"
"000155","두산우","4164","0","-4164","1913558000","0","-1913558000"
"249420","일동제약","52237","0","-52237","1926486650","0","-1926486650"
"089970","브이엠","72374","804","-71570","1997907975","22462500","-1975445475"
"028260","삼성물산","7253","364","-6889","2117944750","110677500","-2007267250"
"035720","카카오","36671","2240","-34431","2164731600","133580450","-2031151150"
"005290","동진쎄미켐","50514","8557","-41957","2637835150","452985650","-2184849500"
"458870","씨어스테크놀로지","13548","21","-13527","2194166900","3371700","-2190795200"
"263750","펄어비스","46117","6040","-40077","2615978250","348881750","-2267096500"
"265520","AP시스템","110294","0","-110294","2287727300","0","-2287727300"
"000150","두산","3032","264","-2768","2527750000","225710000","-2302040000"
"340450","지씨지놈","277474","0","-277474","2368119140","0","-2368119140"
"007810","코리아써키트","38378","2200","-36178","2549287400","149498900","-2399788500"
"388210","씨엠티엑스","28995","9598","-19397","3658362300","1204242600","-2454119700"
"000250","삼천당제약","7775","2258","-5517","3657138500","1088884000","-2568254500"
"005385","현대차우","10985","148","-10837","2814975750","37519000","-2777456750"
"047050","포스코인터내셔널","50154","4456","-45698","3071716550","277650300","-2794066250"
"047040","대우건설","617318","326","-616992","3029231564","1626535","-3027605029"
"307950","현대오토에버","7229","201","-7028","3172546500","90502250","-3082044250"
"003160","디아이","95522","0","-95522","3096386550","0","-3096386550"
"058610","에스피지","24803","3615","-21188","3753642200","567650350","-3185991850"
"071050","한국금융지주","16729","932","-15797","3375907350","189717050","-3186190300"
"005935","삼성전자우","36437","5647","-30790","4041342200","632334300","-3409007900"
"454910","두산로보틱스","34030","1400","-32630","3666140800","156368450","-3509772350"
"108490","로보티즈","11832","608","-11224","3773652500","199224000","-3574428500"
"278470","에이피알","21057","7651","-13406","5813285250","2124154250","-3689131000"
"196170","알테오젠","14228","4641","-9587","5607493250","1827586000","-3779907250"
"352820","하이브","12034","1458","-10576","4344662750","531108250","-3813554500"
"010120","LS ELECTRIC","8296","846","-7450","4427811000","451176000","-3976635000"
"009540","HD한국조선해양","10050","95","-9955","4083084000","39324000","-4043760000"
"218410","RFHIC","91173","2993","-88180","4410255900","145936150","-4264319750"
"347850","디앤디파마텍","51190","2811","-48379","4650505100","259564100","-4390941000"
"141080","리가켐바이오","43290","19245","-24045","8374941050","3734167850","-4640773200"
"042700","한미반도체","33027","8179","-24848","6480237050","1595995600","-4884241450"
"011170","롯데케미칼","64814","90","-64724","5096128800","7233700","-5088895100"
"006260","LS","27729","3185","-24544","5769204000","644624450","-5124579550"
"006800","미래에셋증권","199656","55765","-143891","8146268400","2279428250","-5866840150"
"058470","리노공업","75404","12802","-62602","7250384600","1241986650","-6008397950"
"000990","DB하이텍","62276","4108","-58168","6566103600","437754700","-6128348900"
"035420","NAVER","28501","5530","-22971","7679649500","1487258500","-6192391000"
"128940","한미약품","13314","1","-13313","6280268250","466500","-6279801750"
"240810","원익IPS","66205","4684","-61521","6964121800","505833050","-6458288750"
"079550","LIG넥스원","15245","739","-14506","7070206750","343361250","-6726845500"
"003380","하림지주","514774","20442","-494332","7311414025","294163550","-7017250475"
"010140","삼성중공업","349349","46180","-303169","9753565925","1311441425","-8442124500"
"087010","펩트론","33511","655","-32856","9834998000","194072000","-9640926000"
"005380","현대차","25183","4261","-20922","12233938500","2083471750","-10150466750"
"064350","현대로템","67615","11425","-56190","14623158500","2571723000","-12051435500"
"214450","파마리서치","44401","15063","-29338","19578959500","6798043750","-12780915750"
"247540","에코프로비엠","69553","4024","-65529","15478412500","885358750","-14593053750"
"439260","대한조선","256881","20068","-236813","17292140900","1366595450","-15925545450"
"006400","삼성SDI","67002","564","-66438","24903045750","211438250","-24691607500"